<application>
  <component name="PostfixTemplates">
    <template id="while" key=".while" provider="builtin.java" builtin="while" language-level="1.3" topmost="true">
      <conditions>
        <condition id="boolean" />
      </conditions>
      <template name="fakeKey" value="while ($EXPR$) {&#10;$END$&#10;}" description="" toReformat="true" toShortenFQNames="true" />
    </template>
    <template id="aeq@userDefined" key=".aeq" provider="builtin.java" language-level="8" topmost="true">
      <conditions>
        <condition id="boolean" />
        <condition id="number" />
        <condition id="non void" />
        <condition id="notPrimitive" />
      </conditions>
      <template name="fakeKey" value="Assertions.assertEquals($EXPR$, $END$);" description="" toReformat="true" toShortenFQNames="true" useStaticImport="true" />
    </template>
  </component>
</application>