<application>
  <component name="ProjectManager">
    <defaultProject>
      <component name="ProjectInspectionProfilesVisibleTreeState">
        <entry key="Project Default">
          <profile-state>
            <expanded-state>
              <State>
                <id>Java</id>
              </State>
              <State>
                <id>Method metricsJava</id>
              </State>
              <State>
                <id>Python</id>
              </State>
              <State>
                <id>Verbose or redundant code constructsJava</id>
              </State>
            </expanded-state>
            <selected-state>
              <State>
                <id>User defined</id>
              </State>
            </selected-state>
          </profile-state>
        </entry>
      </component>
      <component name="PropertiesComponent">{
  &quot;keyToString&quot;: {
    &quot;project.structure.last.edited&quot;: &quot;Project&quot;,
    &quot;project.structure.proportion&quot;: &quot;0.0&quot;,
    &quot;project.structure.side.proportion&quot;: &quot;0.0&quot;,
    &quot;settings.editor.selected.configurable&quot;: &quot;preferences.pluginManager&quot;
  }
}</component>
      <component name="TaskManager">
        <task active="true" id="Default" summary="Default task">
          <created>1714205276311</created>
          <option name="number" value="Default" />
          <option name="presentableId" value="Default" />
          <updated>1714205276311</updated>
        </task>
        <servers />
      </component>
      <component name="WindowStateProjectService">
        <state x="373" y="144" key="SettingsEditor" timestamp="1731400966971">
          <screen x="0" y="38" width="1623" height="1079" />
        </state>
        <state x="373" y="144" key="SettingsEditor/0.38.1623.1079" timestamp="1731400966971" />
      </component>
      <component name="masterDetails">
        <states>
          <state key="GlobalLibrariesConfigurable.UI" />
          <state key="JdkListConfigurable.UI" />
          <state key="ProjectLibrariesConfigurable.UI" />
        </states>
      </component>
    </defaultProject>
  </component>
</application>